component,repeat,operations,loop_us_per_op,total_us_per_op
polyfill_check,0,2048,157.476172,158.000674
current_resolver_factory,0,2048,249.311574,249.847424
cached_factory_call,0,2048,1.017593,1.139166
polyfill_check,1,2048,154.827279,155.189018
current_resolver_factory,1,2048,248.402414,248.901062
cached_factory_call,1,2048,0.809956,0.947539
polyfill_check,2,2048,164.095650,165.050324
current_resolver_factory,2,2048,248.001149,248.636286
cached_factory_call,2,2048,1.065952,1.193945
polyfill_check,3,2048,154.898446,155.320014
current_resolver_factory,3,2048,248.630866,249.090119
cached_factory_call,3,2048,0.820547,0.985787
polyfill_check,4,2048,165.004801,166.105860
current_resolver_factory,4,2048,254.283401,254.804861
cached_factory_call,4,2048,0.814780,1.017720
polyfill_check,5,2048,155.475849,155.892318
current_resolver_factory,5,2048,248.928771,250.103371
cached_factory_call,5,2048,1.580503,1.746285
polyfill_check,6,2048,166.261685,167.409073
current_resolver_factory,6,2048,246.541798,247.110807
cached_factory_call,6,2048,0.810845,1.010904
