workload,batch,method,repeat,operations,setup_us_per_op,total_us_per_op,ops_per_second
ready,1,qmlpromise,0,256,253.214199,268.551504,3723.7
ready,1,watcher_signal,0,256,4.754297,10.204414,97996.8
ready,1,queued_signal,0,256,2.020273,5.817504,171895.0
ready,1,watcher_callback,0,256,4.870859,10.110000,98912.0
ready,1,continuation_signal,0,256,3.901371,5.475160,182643.1
ready,1,qmlpromise,1,256,251.890641,267.414000,3739.5
ready,1,continuation_signal,1,256,3.896953,5.373477,186099.3
ready,1,watcher_callback,1,256,4.808246,10.019145,99808.9
ready,1,queued_signal,1,256,2.047305,5.794766,172569.5
ready,1,watcher_signal,1,256,4.651797,9.940512,100598.4
ready,1,queued_signal,2,256,2.040938,5.771562,173263.3
ready,1,continuation_signal,2,256,3.858520,5.238715,190886.5
ready,1,watcher_callback,2,256,4.827773,10.032891,99672.2
ready,1,watcher_signal,2,256,4.741840,10.123246,98782.5
ready,1,qmlpromise,2,256,252.016262,267.309625,3741.0
ready,1,continuation_signal,3,256,3.893594,5.272387,189667.4
ready,1,watcher_signal,3,256,4.709180,9.971797,100282.8
ready,1,watcher_callback,3,256,4.884730,10.083871,99168.3
ready,1,qmlpromise,3,256,253.533449,268.663809,3722.1
ready,1,queued_signal,3,256,2.097344,5.857969,170707.6
ready,1,queued_signal,4,256,2.062187,5.733945,174400.0
ready,1,qmlpromise,4,256,252.807051,267.924551,3732.4
ready,1,continuation_signal,4,256,3.980977,5.348906,186954.1
ready,1,watcher_signal,4,256,4.644531,9.928988,100715.2
ready,1,watcher_callback,4,256,4.904219,10.143047,98589.7
ready,1,watcher_callback,5,256,4.869887,9.970043,100300.5
ready,1,watcher_signal,5,256,4.697070,9.908477,100923.7
ready,1,qmlpromise,5,256,257.977906,273.226973,3660.0
ready,1,continuation_signal,5,256,3.869609,5.177656,193137.6
ready,1,queued_signal,5,256,2.069609,5.712148,175065.5
ready,1,watcher_signal,6,256,4.615039,9.774570,102306.3
ready,1,qmlpromise,6,256,266.667641,282.417641,3540.9
ready,1,continuation_signal,6,256,3.859727,5.290938,189002.4
ready,1,watcher_callback,6,256,4.916840,10.200980,98029.8
ready,1,queued_signal,6,256,2.094414,5.974102,167389.2
ready,64,continuation_signal,0,2048,2.704375,2.792603,358088.8
ready,64,qmlpromise,0,2048,258.008174,264.125867,3786.1
ready,64,queued_signal,0,2048,0.969268,2.038296,490605.8
ready,64,watcher_callback,0,2048,3.890982,6.277941,159287.9
ready,64,watcher_signal,0,2048,3.711734,5.981129,167192.5
ready,64,watcher_callback,1,2048,3.953214,6.365387,157099.6
ready,64,continuation_signal,1,2048,2.717925,2.865616,348965.1
ready,64,qmlpromise,1,2048,264.029875,270.073637,3702.7
ready,64,watcher_signal,1,2048,3.683102,5.957032,167868.8
ready,64,queued_signal,1,2048,0.945650,2.058174,485867.5
ready,64,watcher_signal,2,2048,3.695230,5.973571,167404.1
ready,64,queued_signal,2,2048,0.950635,2.029454,492743.5
ready,64,continuation_signal,2,2048,2.668458,2.812955,355498.1
ready,64,watcher_callback,2,2048,3.830841,6.085724,164319.0
ready,64,qmlpromise,2,2048,265.772770,272.017509,3676.2
ready,64,watcher_signal,3,2048,3.682677,6.013815,166283.8
ready,64,watcher_callback,3,2048,3.851963,6.173038,161994.8
ready,64,continuation_signal,3,2048,2.687887,2.858282,349860.5
ready,64,queued_signal,3,2048,0.967559,1.989961,502522.3
ready,64,qmlpromise,3,2048,268.494896,274.644536,3641.1
ready,64,continuation_signal,4,2048,2.710787,2.887510,346319.1
ready,64,queued_signal,4,2048,0.966988,2.013726,496591.9
ready,64,qmlpromise,4,2048,292.182497,300.800225,3324.5
ready,64,watcher_signal,4,2048,4.257403,7.227755,138355.5
ready,64,watcher_callback,4,2048,4.419307,7.197375,138939.5
ready,64,watcher_signal,5,2048,4.200987,7.028786,142272.1
ready,64,watcher_callback,5,2048,4.043013,6.493868,153991.4
ready,64,qmlpromise,5,2048,264.518042,270.808153,3692.7
ready,64,continuation_signal,5,2048,2.725191,2.973414,336313.8
ready,64,queued_signal,5,2048,0.977984,2.016924,495804.4
ready,64,watcher_signal,6,2048,3.753399,6.143771,162766.5
ready,64,watcher_callback,6,2048,3.828521,6.109957,163667.3
ready,64,continuation_signal,6,2048,2.664220,2.810255,355839.6
ready,64,queued_signal,6,2048,0.956118,1.978458,505444.3
ready,64,qmlpromise,6,2048,264.983298,271.202396,3687.3
pending,1,watcher_signal,0,256,4.242539,13.227344,75601.0
pending,1,continuation_signal,0,256,2.733320,7.711254,129680.6
pending,1,qmlpromise,0,256,256.880918,276.517129,3616.4
pending,1,watcher_callback,0,256,4.353438,13.529730,73911.3
pending,1,queued_signal,0,256,2.026445,6.097070,164013.2
pending,1,watcher_callback,1,256,4.305629,13.407230,74586.6
pending,1,queued_signal,1,256,2.031992,5.985078,167082.2
pending,1,continuation_signal,1,256,2.777188,7.955820,125694.1
pending,1,qmlpromise,1,256,261.829086,283.297016,3529.9
pending,1,watcher_signal,1,256,4.304102,13.217187,75659.1
pending,1,queued_signal,2,256,2.017930,5.623285,177832.0
pending,1,watcher_signal,2,256,4.309453,13.198438,75766.5
pending,1,watcher_callback,2,256,4.423945,13.251914,75460.8
pending,1,continuation_signal,2,256,2.681133,7.265668,137633.6
pending,1,qmlpromise,2,256,251.545992,271.015406,3689.8
pending,1,watcher_callback,3,256,4.437734,13.385434,74708.1
pending,1,qmlpromise,3,256,272.784672,294.333617,3397.5
pending,1,watcher_signal,3,256,4.235898,13.148520,76054.2
pending,1,queued_signal,3,256,2.049375,5.986914,167031.0
pending,1,continuation_signal,3,256,2.711758,7.488594,133536.4
pending,1,watcher_signal,4,256,4.263047,13.436293,74425.3
pending,1,continuation_signal,4,256,2.760547,7.650316,130713.5
pending,1,qmlpromise,4,256,250.314391,270.054117,3703.0
pending,1,queued_signal,4,256,2.012738,5.821918,171764.7
pending,1,watcher_callback,4,256,4.351094,13.213711,75679.0
pending,1,watcher_signal,5,256,4.170391,13.040980,76681.4
pending,1,queued_signal,5,256,2.039219,5.776445,173116.8
pending,1,watcher_callback,5,256,4.364105,13.169301,75934.2
pending,1,qmlpromise,5,256,250.719898,270.658262,3694.7
pending,1,continuation_signal,5,256,2.833008,7.748594,129055.7
pending,1,queued_signal,6,256,2.024609,5.817074,171907.7
pending,1,watcher_callback,6,256,4.518281,13.642930,73298.0
pending,1,continuation_signal,6,256,2.689496,7.434457,134508.8
pending,1,watcher_signal,6,256,4.187734,13.068789,76518.2
pending,1,qmlpromise,6,256,251.271813,271.168609,3687.7
pending,64,qmlpromise,0,2048,253.851206,261.368551,3826.0
pending,64,continuation_signal,0,2048,1.766715,3.895187,256727.1
pending,64,queued_signal,0,2048,0.948423,1.996729,500819.1
pending,64,watcher_signal,0,2048,3.138370,6.868712,145587.7
pending,64,watcher_callback,0,2048,3.283648,7.061398,141615.0
pending,64,watcher_signal,1,2048,3.134981,6.905724,144807.4
pending,64,queued_signal,1,2048,0.940787,1.958750,510529.5
pending,64,qmlpromise,1,2048,258.712906,266.036691,3758.9
pending,64,watcher_callback,1,2048,3.289581,7.007809,142698.0
pending,64,continuation_signal,1,2048,1.762188,3.911217,255674.9
pending,64,qmlpromise,2,2048,257.358511,264.703908,3777.8
pending,64,queued_signal,2,2048,0.955156,1.987139,503236.0
pending,64,continuation_signal,2,2048,1.781465,3.984849,250950.5
pending,64,watcher_callback,2,2048,3.303239,7.120998,140429.8
pending,64,watcher_signal,2,2048,3.150583,6.961062,143656.3
pending,64,watcher_signal,3,2048,3.189107,7.080279,141237.4
pending,64,qmlpromise,3,2048,259.942144,267.240681,3741.9
pending,64,queued_signal,3,2048,0.955181,1.999888,500028.0
pending,64,continuation_signal,3,2048,1.773390,3.917057,255293.7
pending,64,watcher_callback,3,2048,3.296577,7.027887,142290.3
pending,64,queued_signal,4,2048,0.939839,1.951280,512484.2
pending,64,continuation_signal,4,2048,1.760679,3.918272,255214.5
pending,64,qmlpromise,4,2048,258.757445,266.023449,3759.1
pending,64,watcher_signal,4,2048,3.171755,7.048864,141866.8
pending,64,watcher_callback,4,2048,3.307144,7.052350,141796.7
pending,64,qmlpromise,5,2048,268.461742,276.253666,3619.9
pending,64,watcher_callback,5,2048,3.311373,7.142687,140003.3
pending,64,queued_signal,5,2048,0.951021,1.989488,502641.9
pending,64,watcher_signal,5,2048,3.154669,6.989767,143066.3
pending,64,continuation_signal,5,2048,1.781900,3.967813,252028.0
pending,64,qmlpromise,6,2048,258.324467,265.572106,3765.5
pending,64,watcher_callback,6,2048,3.282857,7.059977,141643.5
pending,64,watcher_signal,6,2048,3.127375,6.953634,143809.7
pending,64,continuation_signal,6,2048,1.763009,3.911852,255633.4
pending,64,queued_signal,6,2048,0.938457,1.945562,513990.3
worker,1,qmlpromise,0,256,258.086145,273.406109,3657.6
worker,1,watcher_callback,0,256,5.849453,19.175473,52150.0
worker,1,continuation_signal,0,256,4.149805,16.049965,62305.4
worker,1,watcher_signal,0,256,5.061953,15.074066,66339.1
worker,1,queued_signal,0,256,3.442969,11.703168,85446.9
worker,1,queued_signal,1,256,3.446680,12.424180,80488.2
worker,1,qmlpromise,1,256,261.692676,278.792559,3586.9
worker,1,watcher_signal,1,256,5.675277,17.850355,56021.3
worker,1,continuation_signal,1,256,4.229180,15.740316,63531.1
worker,1,watcher_callback,1,256,5.810043,19.774652,50569.8
worker,1,watcher_callback,2,256,5.687543,17.912270,55827.7
worker,1,queued_signal,2,256,3.397305,11.714926,85361.2
worker,1,qmlpromise,2,256,253.321695,268.302398,3727.1
worker,1,continuation_signal,2,256,4.120746,15.877855,62980.8
worker,1,watcher_signal,2,256,5.575902,18.009848,55525.2
worker,1,continuation_signal,3,256,4.115785,16.011410,62455.5
worker,1,watcher_signal,3,256,5.471098,16.929848,59067.3
worker,1,queued_signal,3,256,3.403008,12.071211,82841.7
worker,1,watcher_callback,3,256,5.667738,17.888246,55902.6
worker,1,qmlpromise,3,256,255.002051,270.365996,3698.7
worker,1,queued_signal,4,256,3.461992,12.158789,82245.0
worker,1,watcher_signal,4,256,5.392031,17.305355,57785.6
worker,1,qmlpromise,4,256,261.962633,278.636777,3588.9
worker,1,watcher_callback,4,256,5.595000,18.503051,54045.1
worker,1,continuation_signal,4,256,4.163984,16.546684,60435.1
worker,1,queued_signal,5,256,3.461172,12.846605,77841.6
worker,1,qmlpromise,5,256,275.211266,293.968418,3401.7
worker,1,watcher_callback,5,256,5.462152,19.025828,52560.1
worker,1,watcher_signal,5,256,5.047070,13.744023,72758.9
worker,1,continuation_signal,5,256,3.555195,13.504375,74050.1
worker,1,continuation_signal,6,256,3.539223,11.751137,85098.2
worker,1,qmlpromise,6,256,258.232668,274.297281,3645.7
worker,1,watcher_callback,6,256,5.154027,14.091996,70962.3
worker,1,queued_signal,6,256,3.580277,13.671801,73143.3
worker,1,watcher_signal,6,256,5.756016,19.162621,52184.9
worker,64,qmlpromise,0,2048,263.375259,269.784446,3706.7
worker,64,watcher_signal,0,2048,5.793078,8.621354,115991.1
worker,64,watcher_callback,0,2048,6.744875,9.848522,101538.1
worker,64,continuation_signal,0,2048,4.943653,7.286579,137238.6
worker,64,queued_signal,0,2048,3.037984,4.190343,238644.0
worker,64,queued_signal,1,2048,3.303389,4.497384,222351.5
worker,64,qmlpromise,1,2048,263.986242,269.846438,3705.8
worker,64,watcher_callback,1,2048,5.324190,7.803551,128146.8
worker,64,watcher_signal,1,2048,6.316095,9.251467,108091.0
worker,64,continuation_signal,1,2048,4.698541,7.010280,142647.7
worker,64,continuation_signal,2,2048,4.367413,6.490890,154062.1
worker,64,qmlpromise,2,2048,277.378232,283.661221,3525.3
worker,64,watcher_signal,2,2048,5.578601,8.438708,118501.6
worker,64,watcher_callback,2,2048,5.471384,8.234440,121441.2
worker,64,queued_signal,2,2048,2.810445,4.236255,236057.5
worker,64,continuation_signal,3,2048,5.293341,8.083205,123713.3
worker,64,qmlpromise,3,2048,279.705550,286.514698,3490.2
worker,64,watcher_signal,3,2048,5.975484,9.010480,110981.9
worker,64,queued_signal,3,2048,3.012945,4.384688,228066.4
worker,64,watcher_callback,3,2048,7.136359,10.479973,95420.1
worker,64,watcher_callback,4,2048,6.409786,9.482023,105462.7
worker,64,queued_signal,4,2048,3.231954,4.748604,210588.2
worker,64,watcher_signal,4,2048,6.359362,9.433083,106009.9
worker,64,qmlpromise,4,2048,275.948646,282.116372,3544.6
worker,64,continuation_signal,4,2048,4.697042,7.019688,142456.5
worker,64,continuation_signal,5,2048,5.060026,7.563830,132208.2
worker,64,watcher_signal,5,2048,6.353854,9.484182,105438.7
worker,64,watcher_callback,5,2048,6.645968,9.709074,102996.4
worker,64,qmlpromise,5,2048,278.611030,285.402544,3503.8
worker,64,queued_signal,5,2048,2.972335,4.178023,239347.6
worker,64,continuation_signal,6,2048,4.982467,7.402702,135085.8
worker,64,queued_signal,6,2048,3.165167,4.480104,223209.1
worker,64,watcher_signal,6,2048,6.051104,9.006047,111036.5
worker,64,qmlpromise,6,2048,263.544254,269.851042,3705.7
worker,64,watcher_callback,6,2048,5.980147,8.803302,113593.7
